{"_runtime":8.817893923,"_step":0,"total_params":825030400,"trainable_params":15728640,"trainable_percent":1.9064315690670308,"_timestamp":1.7511710152091978e+09,"_wandb":{"runtime":117}}
