{"_wandb":{"runtime":37},"_timestamp":1.7511728708989537e+09,"_runtime":37.103989483,"_step":0,"total_params":825030400,"trainable_params":15728640,"trainable_percent":1.9064315690670308}
