{"trainable_percent":1.9064315690670308,"_timestamp":1.7511709501224928e+09,"_wandb":{"runtime":10},"_runtime":10.462708184,"_step":0,"total_params":825030400,"trainable_params":15728640}
